Date,Hour,Count of title,,,,,,,,,
28-Jan,9:00 AM,51,,,,,,,,,
28-Jan,10:00 AM,14,,,,,,,,,
28-Jan,11:00 AM,19,,,,,,,,,
28-Jan,12:00 PM,12,,,,,,,,,
28-Jan,1:00 PM,13,,,,,,,,,
28-Jan,2:00 PM,17,,,,,,,,,
28-Jan,3:00 PM,10,,,,,,,,,
28-Jan,4:00 PM,21,,,,,,,,,
28-Jan,5:00 PM,13,,,,,,,,,
28-Jan,6:00 PM,20,,,,,,,,,
28-Jan,7:00 PM,23,,,,,,,,,
28-Jan,8:00 PM,25,,,,,,,,,
28-Jan,9:00 PM,20,,,,,,,,,
28-Jan,11:00 PM,939,,,,,,,,,
29-Jan,1:00 AM,7250,,,,,,,,,
29-Jan,2:00 AM,5017,,,,,,,,,
29-Jan,3:00 AM,1756,,,,,,,,,
29-Jan,4:00 AM,542,,,,,,,,,
29-Jan,5:00 AM,125,,,,,,,,,
29-Jan,6:00 AM,62,,,,,,,,,
29-Jan,7:00 AM,106,,,,,,,,,
29-Jan,8:00 AM,109,,,,,,,,,
29-Jan,9:00 AM,71,,,,,,,,,
29-Jan,10:00 AM,62,,,,,,,,,
29-Jan,11:00 AM,55,,,,,,,,,
29-Jan,12:00 PM,50,,,,,,,,,
29-Jan,1:00 PM,48,,,,,,,,,
29-Jan,2:00 PM,57,,,,,,,,,
29-Jan,3:00 PM,62,,,,,,,,,
29-Jan,4:00 PM,42,,,,,,,,,
29-Jan,5:00 PM,40,,,,,,,,,
29-Jan,6:00 PM,30,,,,,,,,,
29-Jan,7:00 PM,43,,,,,,,,,
29-Jan,8:00 PM,33,,,,,,,,,
29-Jan,9:00 PM,29,,,,,,,,,
29-Jan,10:00 PM,43,,,,,,,,,
29-Jan,11:00 PM,62,,,,,,,,,
30-Jan,12:00 AM,194,,,,,,,,,
30-Jan,1:00 AM,300,,,,,,,,,
30-Jan,2:00 AM,70,,,,,,,,,
30-Jan,3:00 AM,60,,,,,,,,,
30-Jan,4:00 AM,50,,,,,,,,,
30-Jan,5:00 AM,48,,,,,,,,,
30-Jan,6:00 AM,83,,,,,,,,,
30-Jan,7:00 AM,80,,,,,,,,,
30-Jan,8:00 AM,59,,,,,,,,,
30-Jan,9:00 AM,59,,,,,,,,,
30-Jan,10:00 AM,52,,,,,,,,,
30-Jan,11:00 AM,50,,,,,,,,,
30-Jan,12:00 PM,79,,,,,,,,,
30-Jan,1:00 PM,44,,,,,,,,,
30-Jan,2:00 PM,47,,,,,,,,,
30-Jan,3:00 PM,17,,,,,,,,,
30-Jan,4:00 PM,21,,,,,,,,,
30-Jan,5:00 PM,22,,,,,,,,,
30-Jan,6:00 PM,12,,,,,,,,,
30-Jan,7:00 PM,12,,,,,,,,,
30-Jan,8:00 PM,6,,,,,,,,,
30-Jan,9:00 PM,8,,,,,,,,,
30-Jan,10:00 PM,22,,,,,,,,,
30-Jan,11:00 PM,28,,,,,,,,,
31-Jan,12:00 AM,33,,,,,,,,,
31-Jan,1:00 AM,81,,,,,,,,,
31-Jan,2:00 AM,58,,,,,,,,,
31-Jan,3:00 AM,47,,,,,,,,,
31-Jan,4:00 AM,66,,,,,,,,,
31-Jan,5:00 AM,53,,,,,,,,,
31-Jan,6:00 AM,50,,,,,,,,,
31-Jan,7:00 AM,69,,,,,,,,,
31-Jan,8:00 AM,47,,,,,,,,,
31-Jan,9:00 AM,44,,,,,,,,,
31-Jan,10:00 AM,45,,,,,,,,,
31-Jan,11:00 AM,52,,,,,,,,,
31-Jan,12:00 PM,57,,,,,,,,,
31-Jan,1:00 PM,48,,,,,,,,,
31-Jan,2:00 PM,39,,,,,,,,,
31-Jan,3:00 PM,20,,,,,,,,,
31-Jan,4:00 PM,24,,,,,,,,,
31-Jan,5:00 PM,13,,,,,,,,,
31-Jan,6:00 PM,11,,,,,,,,,
31-Jan,7:00 PM,16,,,,,,,,,
31-Jan,8:00 PM,9,,,,,,,,,
31-Jan,9:00 PM,12,,,,,,,,,
31-Jan,10:00 PM,25,,,,,,,,,
31-Jan,11:00 PM,20,,,,,,,,,
1-Feb,12:00 AM,37,,,,,,,,,
1-Feb,1:00 AM,33,,,,,,,,,
1-Feb,2:00 AM,38,,,,,,,,,
1-Feb,3:00 AM,58,,,,,,,,,
1-Feb,4:00 AM,44,,,,,,,,,
1-Feb,5:00 AM,28,,,,,,,,,
1-Feb,6:00 AM,46,,,,,,,,,
1-Feb,7:00 AM,51,,,,,,,,,
1-Feb,8:00 AM,40,,,,,,,,,
1-Feb,9:00 AM,54,,,,,,,,,
1-Feb,10:00 AM,33,,,,,,,,,
1-Feb,11:00 AM,33,,,,,,,,,
1-Feb,12:00 PM,34,,,,,,,,,
1-Feb,1:00 PM,39,,,,,,,,,
1-Feb,2:00 PM,33,,,,,,,,,
1-Feb,3:00 PM,35,,,,,,,,,
1-Feb,4:00 PM,29,,,,,,,,,
1-Feb,5:00 PM,22,,,,,,,,,
1-Feb,6:00 PM,40,,,,,,,,,
1-Feb,7:00 PM,14,,,,,,,,,
1-Feb,8:00 PM,24,,,,,,,,,
1-Feb,9:00 PM,27,,,,,,,,,
1-Feb,10:00 PM,50,,,,,,,,,
1-Feb,11:00 PM,42,,,,,,,,,
2-Feb,12:00 AM,96,,,,,,,,,
2-Feb,1:00 AM,244,,,,,,,,,
2-Feb,2:00 AM,196,,,,,,,,,
2-Feb,3:00 AM,67,,,,,,,,,
2-Feb,8:00 AM,30,,,,,,,,,
2-Feb,9:00 AM,209,,,,,,,,,
2-Feb,10:00 AM,152,,,,,,,,,
2-Feb,11:00 AM,117,,,,,,,,,
2-Feb,12:00 PM,106,,,,,,,,,
2-Feb,1:00 PM,79,,,,,,,,,
2-Feb,2:00 PM,64,,,,,,,,,
2-Feb,3:00 PM,67,,,,,,,,,
2-Feb,4:00 PM,51,,,,,,,,,
2-Feb,5:00 PM,24,,,,,,,,,
3-Feb,1:00 AM,801,,,,,,,,,
3-Feb,2:00 AM,344,,,,,,,,,
3-Feb,3:00 AM,216,,,,,,,,,
3-Feb,4:00 AM,172,,,,,,,,,
3-Feb,5:00 AM,115,,,,,,,,,
3-Feb,6:00 AM,1,,,,,,,,,
3-Feb,7:00 AM,71,,,,,,,,,
3-Feb,8:00 AM,113,,,,,,,,,
3-Feb,9:00 AM,93,,,,,,,,,
3-Feb,10:00 AM,116,,,,,,,,,
3-Feb,11:00 AM,91,,,,,,,,,
3-Feb,12:00 PM,73,,,,,,,,,
3-Feb,1:00 PM,69,,,,,,,,,
3-Feb,2:00 PM,52,,,,,,,,,
3-Feb,3:00 PM,35,,,,,,,,,
3-Feb,4:00 PM,23,,,,,,,,,
3-Feb,5:00 PM,26,,,,,,,,,
3-Feb,6:00 PM,18,,,,,,,,,
3-Feb,7:00 PM,32,,,,,,,,,
3-Feb,8:00 PM,37,,,,,,,,,
3-Feb,9:00 PM,33,,,,,,,,,
3-Feb,10:00 PM,43,,,,,,,,,
3-Feb,11:00 PM,69,,,,,,,,,
4-Feb,12:00 AM,122,,,,,,,,,
4-Feb,1:00 AM,134,,,,,,,,,
4-Feb,2:00 AM,103,,,,,,,,,
4-Feb,3:00 AM,109,,,,,,,,,
4-Feb,4:00 AM,36,,,,,,,,,
4-Feb,7:00 AM,4,,,,,,,,,
4-Feb,8:00 AM,83,,,,,,,,,
4-Feb,9:00 AM,49,,,,,,,,,
4-Feb,10:00 AM,52,,,,,,,,,
4-Feb,11:00 AM,28,,,,,,,,,
4-Feb,12:00 PM,47,,,,,,,,,
4-Feb,1:00 PM,143,,,,,,,,,
4-Feb,2:00 PM,276,,,,,,,,,
4-Feb,3:00 PM,123,,,,,,,,,
4-Feb,4:00 PM,30,,,,,,,,,
4-Feb,5:00 PM,31,,,,,,,,,
4-Feb,6:00 PM,27,,,,,,,,,
4-Feb,7:00 PM,24,,,,,,,,,
4-Feb,8:00 PM,46,,,,,,,,,
4-Feb,9:00 PM,49,,,,,,,,,
4-Feb,10:00 PM,63,,,,,,,,,
4-Feb,11:00 PM,92,,,,,,,,,
5-Feb,12:00 AM,134,,,,,,,,,
5-Feb,1:00 AM,29,,,,,,,,,
5-Feb,2:00 AM,283,,,,,,,,,
5-Feb,3:00 AM,355,,,,,,,,,
5-Feb,4:00 AM,331,,,,,,,,,
5-Feb,6:00 AM,1,,,,,,,,,
5-Feb,11:00 AM,1,,,,,,,,,
5-Feb,12:00 PM,32,,,,,,,,,
5-Feb,1:00 PM,189,,,,,,,,,
5-Feb,2:00 PM,169,,,,,,,,,
5-Feb,3:00 PM,209,,,,,,,,,
5-Feb,4:00 PM,175,,,,,,,,,
5-Feb,5:00 PM,171,,,,,,,,,
5-Feb,6:00 PM,68,,,,,,,,,
5-Feb,7:00 PM,69,,,,,,,,,
5-Feb,8:00 PM,64,,,,,,,,,
5-Feb,9:00 PM,84,,,,,,,,,
5-Feb,10:00 PM,86,,,,,,,,,
5-Feb,11:00 PM,148,,,,,,,,,
6-Feb,1:00 AM,421,,,,,,,,,
6-Feb,2:00 AM,344,,,,,,,,,
6-Feb,3:00 AM,210,,,,,,,,,
6-Feb,4:00 AM,126,,,,,,,,,
6-Feb,5:00 AM,241,,,,,,,,,
6-Feb,6:00 AM,206,,,,,,,,,
6-Feb,7:00 AM,251,,,,,,,,,
6-Feb,8:00 AM,195,,,,,,,,,
6-Feb,9:00 AM,151,,,,,,,,,
6-Feb,10:00 AM,115,,,,,,,,,
6-Feb,11:00 AM,58,,,,,,,,,
6-Feb,12:00 PM,85,,,,,,,,,
6-Feb,1:00 PM,57,,,,,,,,,
6-Feb,2:00 PM,29,,,,,,,,,
6-Feb,3:00 PM,30,,,,,,,,,
6-Feb,4:00 PM,44,,,,,,,,,
6-Feb,5:00 PM,45,,,,,,,,,
6-Feb,6:00 PM,32,,,,,,,,,
6-Feb,7:00 PM,39,,,,,,,,,
6-Feb,8:00 PM,41,,,,,,,,,
6-Feb,9:00 PM,34,,,,,,,,,
6-Feb,10:00 PM,22,,,,,,,,,
6-Feb,11:00 PM,15,,,,,,,,,
7-Feb,12:00 AM,16,,,,,,,,,
7-Feb,1:00 AM,44,,,,,,,,,
7-Feb,2:00 AM,50,,,,,,,,,
7-Feb,3:00 AM,49,,,,,,,,,
7-Feb,4:00 AM,42,,,,,,,,,
7-Feb,5:00 AM,28,,,,,,,,,
7-Feb,6:00 AM,32,,,,,,,,,
7-Feb,7:00 AM,26,,,,,,,,,
7-Feb,8:00 AM,29,,,,,,,,,
7-Feb,9:00 AM,23,,,,,,,,,
7-Feb,10:00 AM,22,,,,,,,,,
7-Feb,11:00 AM,20,,,,,,,,,
7-Feb,12:00 PM,14,,,,,,,,,
7-Feb,1:00 PM,6,,,,,,,,,
7-Feb,2:00 PM,13,,,,,,,,,
7-Feb,3:00 PM,13,,,,,,,,,
7-Feb,4:00 PM,10,,,,,,,,,
7-Feb,5:00 PM,14,,,,,,,,,
7-Feb,6:00 PM,10,,,,,,,,,
7-Feb,7:00 PM,8,,,,,,,,,
7-Feb,8:00 PM,3,,,,,,,,,
7-Feb,9:00 PM,5,,,,,,,,,
7-Feb,10:00 PM,11,,,,,,,,,
7-Feb,11:00 PM,23,,,,,,,,,
8-Feb,12:00 AM,18,,,,,,,,,
8-Feb,1:00 AM,27,,,,,,,,,
8-Feb,2:00 AM,19,,,,,,,,,
8-Feb,3:00 AM,22,,,,,,,,,
8-Feb,4:00 AM,21,,,,,,,,,
8-Feb,5:00 AM,27,,,,,,,,,
8-Feb,6:00 AM,17,,,,,,,,,
8-Feb,7:00 AM,13,,,,,,,,,
8-Feb,8:00 AM,20,,,,,,,,,
8-Feb,9:00 AM,21,,,,,,,,,
8-Feb,10:00 AM,17,,,,,,,,,
8-Feb,11:00 AM,7,,,,,,,,,
8-Feb,12:00 PM,10,,,,,,,,,
8-Feb,1:00 PM,2,,,,,,,,,
8-Feb,2:00 PM,5,,,,,,,,,
8-Feb,3:00 PM,5,,,,,,,,,
8-Feb,4:00 PM,7,,,,,,,,,
8-Feb,5:00 PM,4,,,,,,,,,
8-Feb,6:00 PM,4,,,,,,,,,
8-Feb,7:00 PM,4,,,,,,,,,
8-Feb,8:00 PM,2,,,,,,,,,
8-Feb,9:00 PM,7,,,,,,,,,
8-Feb,10:00 PM,2,,,,,,,,,
8-Feb,11:00 PM,6,,,,,,,,,
9-Feb,12:00 AM,11,,,,,,,,,
9-Feb,1:00 AM,14,,,,,,,,,
9-Feb,2:00 AM,5,,,,,,,,,
9-Feb,3:00 AM,12,,,,,,,,,
9-Feb,4:00 AM,13,,,,,,,,,
9-Feb,5:00 AM,10,,,,,,,,,
9-Feb,6:00 AM,8,,,,,,,,,
9-Feb,7:00 AM,13,,,,,,,,,
9-Feb,8:00 AM,3,,,,,,,,,
9-Feb,9:00 AM,7,,,,,,,,,
9-Feb,10:00 AM,5,,,,,,,,,
9-Feb,11:00 AM,3,,,,,,,,,
9-Feb,12:00 PM,3,,,,,,,,,
9-Feb,1:00 PM,4,,,,,,,,,
9-Feb,2:00 PM,5,,,,,,,,,
9-Feb,3:00 PM,6,,,,,,,,,
9-Feb,4:00 PM,2,,,,,,,,,
9-Feb,5:00 PM,2,,,,,,,,,
9-Feb,6:00 PM,3,,,,,,,,,
9-Feb,7:00 PM,2,,,,,,,,,
9-Feb,8:00 PM,3,,,,,,,,,
9-Feb,9:00 PM,5,,,,,,,,,
9-Feb,10:00 PM,4,,,,,,,,,
9-Feb,11:00 PM,5,,,,,,,,,
10-Feb,12:00 AM,19,,,,,,,,,
10-Feb,1:00 AM,21,,,,,,,,,
10-Feb,2:00 AM,16,,,,,,,,,
10-Feb,3:00 AM,12,,,,,,,,,
10-Feb,4:00 AM,14,,,,,,,,,
10-Feb,5:00 AM,6,,,,,,,,,
10-Feb,6:00 AM,5,,,,,,,,,
10-Feb,7:00 AM,15,,,,,,,,,
10-Feb,8:00 AM,9,,,,,,,,,
10-Feb,9:00 AM,12,,,,,,,,,
10-Feb,10:00 AM,9,,,,,,,,,
10-Feb,11:00 AM,7,,,,,,,,,
10-Feb,12:00 PM,7,,,,,,,,,
10-Feb,1:00 PM,9,,,,,,,,,
10-Feb,2:00 PM,8,,,,,,,,,
10-Feb,3:00 PM,8,,,,,,,,,
10-Feb,4:00 PM,5,,,,,,,,,
10-Feb,5:00 PM,6,,,,,,,,,
10-Feb,6:00 PM,7,,,,,,,,,
10-Feb,7:00 PM,1,,,,,,,,,
10-Feb,8:00 PM,4,,,,,,,,,
10-Feb,9:00 PM,9,,,,,,,,,
10-Feb,10:00 PM,4,,,,,,,,,
10-Feb,11:00 PM,9,,,,,,,,,
11-Feb,12:00 AM,6,,,,,,,,,
11-Feb,1:00 AM,5,,,,,,,,,
11-Feb,2:00 AM,8,,,,,,,,,
11-Feb,3:00 AM,11,,,,,,,,,
11-Feb,4:00 AM,15,,,,,,,,,
11-Feb,5:00 AM,9,,,,,,,,,
11-Feb,6:00 AM,8,,,,,,,,,
11-Feb,7:00 AM,14,,,,,,,,,
11-Feb,8:00 AM,9,,,,,,,,,
11-Feb,9:00 AM,8,,,,,,,,,
11-Feb,10:00 AM,7,,,,,,,,,
11-Feb,11:00 AM,11,,,,,,,,,
11-Feb,12:00 PM,7,,,,,,,,,
11-Feb,1:00 PM,7,,,,,,,,,
11-Feb,2:00 PM,6,,,,,,,,,
11-Feb,3:00 PM,9,,,,,,,,,
11-Feb,4:00 PM,4,,,,,,,,,
11-Feb,5:00 PM,4,,,,,,,,,
11-Feb,6:00 PM,2,,,,,,,,,
11-Feb,7:00 PM,6,,,,,,,,,
11-Feb,8:00 PM,2,,,,,,,,,
11-Feb,9:00 PM,5,,,,,,,,,
11-Feb,10:00 PM,2,,,,,,,,,
11-Feb,11:00 PM,4,,,,,,,,,
12-Feb,12:00 AM,4,,,,,,,,,
12-Feb,1:00 AM,12,,,,,,,,,
12-Feb,2:00 AM,20,,,,,,,,,
12-Feb,3:00 AM,19,,,,,,,,,
12-Feb,4:00 AM,23,,,,,,,,,
12-Feb,5:00 AM,8,,,,,,,,,
12-Feb,6:00 AM,15,,,,,,,,,
12-Feb,7:00 AM,9,,,,,,,,,
12-Feb,8:00 AM,8,,,,,,,,,
12-Feb,9:00 AM,2,,,,,,,,,
12-Feb,10:00 AM,11,,,,,,,,,
12-Feb,11:00 AM,3,,,,,,,,,
12-Feb,12:00 PM,5,,,,,,,,,
12-Feb,1:00 PM,5,,,,,,,,,
12-Feb,2:00 PM,7,,,,,,,,,
12-Feb,3:00 PM,1,,,,,,,,,
12-Feb,4:00 PM,3,,,,,,,,,
12-Feb,5:00 PM,6,,,,,,,,,
12-Feb,6:00 PM,2,,,,,,,,,
12-Feb,7:00 PM,3,,,,,,,,,
12-Feb,8:00 PM,1,,,,,,,,,
12-Feb,9:00 PM,5,,,,,,,,,
12-Feb,10:00 PM,1,,,,,,,,,
12-Feb,11:00 PM,6,,,,,,,,,
13-Feb,12:00 AM,8,,,,,,,,,
13-Feb,1:00 AM,12,,,,,,,,,
13-Feb,2:00 AM,21,,,,,,,,,
13-Feb,3:00 AM,10,,,,,,,,,
13-Feb,4:00 AM,13,,,,,,,,,
13-Feb,5:00 AM,11,,,,,,,,,
13-Feb,6:00 AM,11,,,,,,,,,
13-Feb,7:00 AM,8,,,,,,,,,
13-Feb,8:00 AM,11,,,,,,,,,
13-Feb,9:00 AM,7,,,,,,,,,
13-Feb,10:00 AM,9,,,,,,,,,
13-Feb,11:00 AM,5,,,,,,,,,
13-Feb,12:00 PM,6,,,,,,,,,
13-Feb,1:00 PM,7,,,,,,,,,
13-Feb,2:00 PM,9,,,,,,,,,
13-Feb,3:00 PM,8,,,,,,,,,
13-Feb,4:00 PM,7,,,,,,,,,
13-Feb,5:00 PM,5,,,,,,,,,
13-Feb,6:00 PM,4,,,,,,,,,
13-Feb,7:00 PM,5,,,,,,,,,
13-Feb,8:00 PM,2,,,,,,,,,
13-Feb,9:00 PM,1,,,,,,,,,
13-Feb,11:00 PM,1,,,,,,,,,
14-Feb,12:00 AM,4,,,,,,,,,
14-Feb,1:00 AM,4,,,,,,,,,
14-Feb,2:00 AM,7,,,,,,,,,
14-Feb,3:00 AM,13,,,,,,,,,
14-Feb,4:00 AM,7,,,,,,,,,
14-Feb,5:00 AM,8,,,,,,,,,
14-Feb,6:00 AM,4,,,,,,,,,
14-Feb,7:00 AM,10,,,,,,,,,
14-Feb,8:00 AM,7,,,,,,,,,
14-Feb,9:00 AM,8,,,,,,,,,
14-Feb,10:00 AM,6,,,,,,,,,
14-Feb,11:00 AM,2,,,,,,,,,
14-Feb,12:00 PM,2,,,,,,,,,
14-Feb,1:00 PM,6,,,,,,,,,
14-Feb,2:00 PM,2,,,,,,,,,
14-Feb,3:00 PM,5,,,,,,,,,
14-Feb,4:00 PM,4,,,,,,,,,
14-Feb,5:00 PM,5,,,,,,,,,
14-Feb,6:00 PM,5,,,,,,,,,
14-Feb,7:00 PM,6,,,,,,,,,
14-Feb,8:00 PM,2,,,,,,,,,
14-Feb,9:00 PM,3,,,,,,,,,
14-Feb,10:00 PM,4,,,,,,,,,
14-Feb,11:00 PM,1,,,,,,,,,
15-Feb,12:00 AM,3,,,,,,,,,
15-Feb,1:00 AM,1,,,,,,,,,
15-Feb,2:00 AM,2,,,,,,,,,
15-Feb,3:00 AM,5,,,,,,,,,
15-Feb,4:00 AM,5,,,,,,,,,
15-Feb,5:00 AM,5,,,,,,,,,
15-Feb,6:00 AM,5,,,,,,,,,
15-Feb,7:00 AM,7,,,,,,,,,
15-Feb,8:00 AM,5,,,,,,,,,
15-Feb,9:00 AM,1,,,,,,,,,
15-Feb,10:00 AM,4,,,,,,,,,
15-Feb,11:00 AM,2,,,,,,,,,
15-Feb,1:00 PM,4,,,,,,,,,
15-Feb,2:00 PM,3,,,,,,,,,
15-Feb,3:00 PM,5,,,,,,,,,
15-Feb,4:00 PM,1,,,,,,,,,
15-Feb,6:00 PM,1,,,,,,,,,
15-Feb,7:00 PM,1,,,,,,,,,
15-Feb,9:00 PM,2,,,,,,,,,
15-Feb,11:00 PM,3,,,,,,,,,
16-Feb,12:00 AM,1,,,,,,,,,
16-Feb,1:00 AM,6,,,,,,,,,
16-Feb,2:00 AM,4,,,,,,,,,
16-Feb,3:00 AM,5,,,,,,,,,
16-Feb,4:00 AM,6,,,,,,,,,
16-Feb,5:00 AM,4,,,,,,,,,
16-Feb,6:00 AM,2,,,,,,,,,
16-Feb,7:00 AM,7,,,,,,,,,
16-Feb,8:00 AM,8,,,,,,,,,
16-Feb,9:00 AM,3,,,,,,,,,
16-Feb,10:00 AM,3,,,,,,,,,
16-Feb,11:00 AM,4,,,,,,,,,
16-Feb,12:00 PM,5,,,,,,,,,
16-Feb,1:00 PM,3,,,,,,,,,
16-Feb,2:00 PM,9,,,,,,,,,
16-Feb,3:00 PM,2,,,,,,,,,
16-Feb,4:00 PM,3,,,,,,,,,
16-Feb,5:00 PM,1,,,,,,,,,
16-Feb,6:00 PM,2,,,,,,,,,
16-Feb,8:00 PM,4,,,,,,,,,
16-Feb,9:00 PM,4,,,,,,,,,
16-Feb,10:00 PM,1,,,,,,,,,
16-Feb,11:00 PM,3,,,,,,,,,
17-Feb,12:00 AM,5,,,,,,,,,
17-Feb,1:00 AM,10,,,,,,,,,
17-Feb,2:00 AM,14,,,,,,,,,
17-Feb,3:00 AM,15,,,,,,,,,
17-Feb,4:00 AM,5,,,,,,,,,
17-Feb,5:00 AM,9,,,,,,,,,
17-Feb,6:00 AM,6,,,,,,,,,
17-Feb,7:00 AM,4,,,,,,,,,
17-Feb,8:00 AM,8,,,,,,,,,
17-Feb,9:00 AM,10,,,,,,,,,
17-Feb,10:00 AM,9,,,,,,,,,
17-Feb,11:00 AM,11,,,,,,,,,
17-Feb,12:00 PM,7,,,,,,,,,
17-Feb,1:00 PM,8,,,,,,,,,
17-Feb,2:00 PM,4,,,,,,,,,
17-Feb,3:00 PM,10,,,,,,,,,
17-Feb,4:00 PM,11,,,,,,,,,
17-Feb,5:00 PM,5,,,,,,,,,
17-Feb,7:00 PM,4,,,,,,,,,
17-Feb,8:00 PM,3,,,,,,,,,
17-Feb,9:00 PM,4,,,,,,,,,
17-Feb,10:00 PM,3,,,,,,,,,
17-Feb,11:00 PM,6,,,,,,,,,
18-Feb,12:00 AM,9,,,,,,,,,
18-Feb,1:00 AM,14,,,,,,,,,
18-Feb,2:00 AM,5,,,,,,,,,
18-Feb,3:00 AM,17,,,,,,,,,
18-Feb,4:00 AM,18,,,,,,,,,
18-Feb,5:00 AM,15,,,,,,,,,
18-Feb,6:00 AM,13,,,,,,,,,
18-Feb,7:00 AM,19,,,,,,,,,
18-Feb,8:00 AM,19,,,,,,,,,
18-Feb,9:00 AM,17,,,,,,,,,
18-Feb,10:00 AM,14,,,,,,,,,
18-Feb,11:00 AM,16,,,,,,,,,
18-Feb,12:00 PM,15,,,,,,,,,
18-Feb,1:00 PM,10,,,,,,,,,
18-Feb,2:00 PM,9,,,,,,,,,
18-Feb,3:00 PM,5,,,,,,,,,
18-Feb,4:00 PM,5,,,,,,,,,
18-Feb,5:00 PM,8,,,,,,,,,
18-Feb,6:00 PM,2,,,,,,,,,
18-Feb,7:00 PM,6,,,,,,,,,
18-Feb,8:00 PM,1,,,,,,,,,
18-Feb,9:00 PM,4,,,,,,,,,
18-Feb,11:00 PM,4,,,,,,,,,
19-Feb,12:00 AM,10,,,,,,,,,
19-Feb,1:00 AM,19,,,,,,,,,
19-Feb,2:00 AM,13,,,,,,,,,
19-Feb,3:00 AM,17,,,,,,,,,
19-Feb,4:00 AM,28,,,,,,,,,
19-Feb,5:00 AM,30,,,,,,,,,
19-Feb,6:00 AM,22,,,,,,,,,
19-Feb,7:00 AM,32,,,,,,,,,
19-Feb,8:00 AM,16,,,,,,,,,
19-Feb,9:00 AM,10,,,,,,,,,
19-Feb,10:00 AM,24,,,,,,,,,
19-Feb,11:00 AM,23,,,,,,,,,
19-Feb,12:00 PM,21,,,,,,,,,
19-Feb,1:00 PM,13,,,,,,,,,
19-Feb,2:00 PM,10,,,,,,,,,
19-Feb,3:00 PM,8,,,,,,,,,
19-Feb,4:00 PM,10,,,,,,,,,
19-Feb,5:00 PM,16,,,,,,,,,
19-Feb,6:00 PM,3,,,,,,,,,
19-Feb,7:00 PM,2,,,,,,,,,
19-Feb,8:00 PM,4,,,,,,,,,
19-Feb,9:00 PM,5,,,,,,,,,
19-Feb,10:00 PM,6,,,,,,,,,
19-Feb,11:00 PM,5,,,,,,,,,
20-Feb,12:00 AM,14,,,,,,,,,
20-Feb,1:00 AM,9,,,,,,,,,
20-Feb,2:00 AM,22,,,,,,,,,
20-Feb,3:00 AM,15,,,,,,,,,
20-Feb,4:00 AM,19,,,,,,,,,
20-Feb,5:00 AM,14,,,,,,,,,
20-Feb,6:00 AM,6,,,,,,,,,
20-Feb,7:00 AM,15,,,,,,,,,
20-Feb,8:00 AM,18,,,,,,,,,
20-Feb,9:00 AM,14,,,,,,,,,
20-Feb,10:00 AM,17,,,,,,,,,
20-Feb,11:00 AM,9,,,,,,,,,
20-Feb,12:00 PM,9,,,,,,,,,
20-Feb,1:00 PM,7,,,,,,,,,
20-Feb,2:00 PM,11,,,,,,,,,
20-Feb,3:00 PM,7,,,,,,,,,
20-Feb,4:00 PM,5,,,,,,,,,
20-Feb,5:00 PM,9,,,,,,,,,
20-Feb,6:00 PM,4,,,,,,,,,
20-Feb,7:00 PM,5,,,,,,,,,
20-Feb,8:00 PM,4,,,,,,,,,
20-Feb,9:00 PM,3,,,,,,,,,
20-Feb,10:00 PM,2,,,,,,,,,
20-Feb,11:00 PM,8,,,,,,,,,
21-Feb,12:00 AM,5,,,,,,,,,
21-Feb,1:00 AM,12,,,,,,,,,
21-Feb,2:00 AM,13,,,,,,,,,
21-Feb,3:00 AM,10,,,,,,,,,
21-Feb,4:00 AM,8,,,,,,,,,
21-Feb,5:00 AM,6,,,,,,,,,
21-Feb,6:00 AM,11,,,,,,,,,
21-Feb,7:00 AM,11,,,,,,,,,
21-Feb,8:00 AM,11,,,,,,,,,
21-Feb,9:00 AM,7,,,,,,,,,
21-Feb,10:00 AM,7,,,,,,,,,
21-Feb,11:00 AM,4,,,,,,,,,
21-Feb,12:00 PM,9,,,,,,,,,
21-Feb,1:00 PM,16,,,,,,,,,
21-Feb,2:00 PM,4,,,,,,,,,
21-Feb,3:00 PM,5,,,,,,,,,
21-Feb,5:00 PM,4,,,,,,,,,
21-Feb,6:00 PM,1,,,,,,,,,
21-Feb,7:00 PM,7,,,,,,,,,
21-Feb,8:00 PM,1,,,,,,,,,
21-Feb,9:00 PM,1,,,,,,,,,
21-Feb,10:00 PM,4,,,,,,,,,
21-Feb,11:00 PM,3,,,,,,,,,
22-Feb,12:00 AM,7,,,,,,,,,
22-Feb,1:00 AM,10,,,,,,,,,
22-Feb,2:00 AM,9,,,,,,,,,
22-Feb,3:00 AM,6,,,,,,,,,
22-Feb,4:00 AM,4,,,,,,,,,
22-Feb,5:00 AM,8,,,,,,,,,
22-Feb,6:00 AM,8,,,,,,,,,
22-Feb,7:00 AM,10,,,,,,,,,
22-Feb,8:00 AM,6,,,,,,,,,
22-Feb,9:00 AM,4,,,,,,,,,
22-Feb,10:00 AM,4,,,,,,,,,
22-Feb,11:00 AM,2,,,,,,,,,
22-Feb,12:00 PM,5,,,,,,,,,
22-Feb,1:00 PM,13,,,,,,,,,
22-Feb,2:00 PM,8,,,,,,,,,
22-Feb,3:00 PM,4,,,,,,,,,
22-Feb,4:00 PM,2,,,,,,,,,
22-Feb,5:00 PM,1,,,,,,,,,
22-Feb,6:00 PM,3,,,,,,,,,
22-Feb,7:00 PM,4,,,,,,,,,
22-Feb,8:00 PM,2,,,,,,,,,
22-Feb,9:00 PM,4,,,,,,,,,
22-Feb,10:00 PM,5,,,,,,,,,
22-Feb,11:00 PM,10,,,,,,,,,
23-Feb,12:00 AM,5,,,,,,,,,
23-Feb,1:00 AM,9,,,,,,,,,
23-Feb,2:00 AM,13,,,,,,,,,
23-Feb,3:00 AM,15,,,,,,,,,
23-Feb,4:00 AM,20,,,,,,,,,
23-Feb,5:00 AM,22,,,,,,,,,
23-Feb,6:00 AM,25,,,,,,,,,
23-Feb,7:00 AM,21,,,,,,,,,
23-Feb,8:00 AM,22,,,,,,,,,
23-Feb,9:00 AM,11,,,,,,,,,
23-Feb,10:00 AM,14,,,,,,,,,
23-Feb,11:00 AM,10,,,,,,,,,
23-Feb,12:00 PM,10,,,,,,,,,
23-Feb,1:00 PM,12,,,,,,,,,
23-Feb,2:00 PM,14,,,,,,,,,
23-Feb,3:00 PM,9,,,,,,,,,
23-Feb,4:00 PM,13,,,,,,,,,
23-Feb,5:00 PM,5,,,,,,,,,
23-Feb,6:00 PM,3,,,,,,,,,
23-Feb,7:00 PM,2,,,,,,,,,
23-Feb,8:00 PM,2,,,,,,,,,
23-Feb,9:00 PM,3,,,,,,,,,
23-Feb,10:00 PM,4,,,,,,,,,
23-Feb,11:00 PM,4,,,,,,,,,
24-Feb,12:00 AM,12,,,,,,,,,
24-Feb,1:00 AM,27,,,,,,,,,
24-Feb,2:00 AM,16,,,,,,,,,
24-Feb,3:00 AM,14,,,,,,,,,
24-Feb,4:00 AM,11,,,,,,,,,
24-Feb,5:00 AM,15,,,,,,,,,
24-Feb,6:00 AM,20,,,,,,,,,
24-Feb,7:00 AM,19,,,,,,,,,
24-Feb,8:00 AM,14,,,,,,,,,
24-Feb,9:00 AM,6,,,,,,,,,
24-Feb,10:00 AM,7,,,,,,,,,
24-Feb,11:00 AM,12,,,,,,,,,
24-Feb,12:00 PM,7,,,,,,,,,
24-Feb,1:00 PM,17,,,,,,,,,
24-Feb,2:00 PM,2,,,,,,,,,
24-Feb,3:00 PM,3,,,,,,,,,
24-Feb,4:00 PM,6,,,,,,,,,
24-Feb,5:00 PM,3,,,,,,,,,
24-Feb,7:00 PM,2,,,,,,,,,
24-Feb,8:00 PM,2,,,,,,,,,
24-Feb,9:00 PM,9,,,,,,,,,
24-Feb,10:00 PM,5,,,,,,,,,
24-Feb,11:00 PM,11,,,,,,,,,
25-Feb,12:00 AM,12,,,,,,,,,
25-Feb,1:00 AM,11,,,,,,,,,
25-Feb,2:00 AM,14,,,,,,,,,
25-Feb,3:00 AM,11,,,,,,,,,
25-Feb,4:00 AM,10,,,,,,,,,
25-Feb,5:00 AM,18,,,,,,,,,
25-Feb,6:00 AM,22,,,,,,,,,
25-Feb,7:00 AM,38,,,,,,,,,
25-Feb,8:00 AM,131,,,,,,,,,
25-Feb,9:00 AM,19,,,,,,,,,
25-Feb,10:00 AM,38,,,,,,,,,
25-Feb,11:00 AM,20,,,,,,,,,
25-Feb,12:00 PM,16,,,,,,,,,
25-Feb,1:00 PM,12,,,,,,,,,
25-Feb,2:00 PM,25,,,,,,,,,
25-Feb,3:00 PM,22,,,,,,,,,
25-Feb,4:00 PM,11,,,,,,,,,
25-Feb,5:00 PM,14,,,,,,,,,
25-Feb,6:00 PM,22,,,,,,,,,
25-Feb,7:00 PM,27,,,,,,,,,
25-Feb,8:00 PM,11,,,,,,,,,
25-Feb,9:00 PM,13,,,,,,,,,
25-Feb,10:00 PM,11,,,,,,,,,
25-Feb,11:00 PM,17,,,,,,,,,
26-Feb,12:00 AM,24,,,,,,,,,
26-Feb,1:00 AM,42,,,,,,,,,
26-Feb,2:00 AM,20,,,,,,,,,
26-Feb,3:00 AM,40,,,,,,,,,
26-Feb,4:00 AM,62,,,,,,,,,
26-Feb,5:00 AM,37,,,,,,,,,
26-Feb,6:00 AM,32,,,,,,,,,
26-Feb,7:00 AM,30,,,,,,,,,
26-Feb,8:00 AM,27,,,,,,,,,
26-Feb,9:00 AM,36,,,,,,,,,
26-Feb,10:00 AM,40,,,,,,,,,
26-Feb,11:00 AM,22,,,,,,,,,
26-Feb,12:00 PM,25,,,,,,,,,
26-Feb,1:00 PM,17,,,,,,,,,
26-Feb,2:00 PM,8,,,,,,,,,
26-Feb,3:00 PM,16,,,,,,,,,
26-Feb,4:00 PM,6,,,,,,,,,
26-Feb,5:00 PM,9,,,,,,,,,
26-Feb,6:00 PM,7,,,,,,,,,
26-Feb,7:00 PM,10,,,,,,,,,
26-Feb,8:00 PM,14,,,,,,,,,
26-Feb,9:00 PM,8,,,,,,,,,
26-Feb,10:00 PM,18,,,,,,,,,
26-Feb,11:00 PM,15,,,,,,,,,
27-Feb,12:00 AM,12,,,,,,,,,
27-Feb,1:00 AM,18,,,,,,,,,
27-Feb,2:00 AM,19,,,,,,,,,
27-Feb,3:00 AM,13,,,,,,,,,
27-Feb,4:00 AM,26,,,,,,,,,
27-Feb,5:00 AM,17,,,,,,,,,
27-Feb,6:00 AM,21,,,,,,,,,
27-Feb,7:00 AM,24,,,,,,,,,
27-Feb,8:00 AM,19,,,,,,,,,
27-Feb,9:00 AM,16,,,,,,,,,
27-Feb,10:00 AM,12,,,,,,,,,
27-Feb,11:00 AM,13,,,,,,,,,
27-Feb,12:00 PM,20,,,,,,,,,
27-Feb,1:00 PM,13,,,,,,,,,
27-Feb,2:00 PM,11,,,,,,,,,
27-Feb,3:00 PM,7,,,,,,,,,
27-Feb,4:00 PM,5,,,,,,,,,
27-Feb,5:00 PM,2,,,,,,,,,
27-Feb,6:00 PM,1,,,,,,,,,
27-Feb,7:00 PM,5,,,,,,,,,
27-Feb,8:00 PM,1,,,,,,,,,
27-Feb,9:00 PM,9,,,,,,,,,
27-Feb,10:00 PM,3,,,,,,,,,
27-Feb,11:00 PM,9,,,,,,,,,
28-Feb,12:00 AM,8,,,,,,,,,
28-Feb,1:00 AM,3,,,,,,,,,
28-Feb,2:00 AM,5,,,,,,,,,
28-Feb,3:00 AM,5,,,,,,,,,
28-Feb,4:00 AM,10,,,,,,,,,
28-Feb,5:00 AM,6,,,,,,,,,
28-Feb,6:00 AM,1,,,,,,,,,
28-Feb,7:00 AM,11,,,,,,,,,
28-Feb,8:00 AM,10,,,,,,,,,
28-Feb,9:00 AM,10,,,,,,,,,
28-Feb,10:00 AM,8,,,,,,,,,
28-Feb,11:00 AM,6,,,,,,,,,
28-Feb,12:00 PM,7,,,,,,,,,
28-Feb,1:00 PM,5,,,,,,,,,
28-Feb,2:00 PM,4,,,,,,,,,
28-Feb,3:00 PM,10,,,,,,,,,
28-Feb,4:00 PM,14,,,,,,,,,
28-Feb,5:00 PM,4,,,,,,,,,
28-Feb,6:00 PM,3,,,,,,,,,
28-Feb,7:00 PM,4,,,,,,,,,
28-Feb,8:00 PM,1,,,,,,,,,
28-Feb,9:00 PM,3,,,,,,,,,
28-Feb,10:00 PM,4,,,,,,,,,
28-Feb,11:00 PM,5,,,,,,,,,
1-Mar,12:00 AM,5,,,,,,,,,
1-Mar,1:00 AM,5,,,,,,,,,
1-Mar,2:00 AM,3,,,,,,,,,
1-Mar,3:00 AM,7,,,,,,,,,
1-Mar,4:00 AM,7,,,,,,,,,
1-Mar,5:00 AM,6,,,,,,,,,
1-Mar,6:00 AM,7,,,,,,,,,
1-Mar,7:00 AM,13,,,,,,,,,
1-Mar,8:00 AM,6,,,,,,,,,
1-Mar,9:00 AM,6,,,,,,,,,
1-Mar,10:00 AM,8,,,,,,,,,
1-Mar,11:00 AM,6,,,,,,,,,
1-Mar,12:00 PM,1,,,,,,,,,
1-Mar,1:00 PM,2,,,,,,,,,
1-Mar,2:00 PM,4,,,,,,,,,
1-Mar,3:00 PM,6,,,,,,,,,
1-Mar,4:00 PM,2,,,,,,,,,
1-Mar,5:00 PM,4,,,,,,,,,
1-Mar,6:00 PM,2,,,,,,,,,
1-Mar,7:00 PM,2,,,,,,,,,
1-Mar,8:00 PM,6,,,,,,,,,
1-Mar,9:00 PM,12,,,,,,,,,
1-Mar,10:00 PM,4,,,,,,,,,
1-Mar,11:00 PM,9,,,,,,,,,
2-Mar,12:00 AM,27,,,,,,,,,
2-Mar,1:00 AM,19,,,,,,,,,
2-Mar,2:00 AM,17,,,,,,,,,
2-Mar,3:00 AM,17,,,,,,,,,
2-Mar,4:00 AM,17,,,,,,,,,
2-Mar,5:00 AM,15,,,,,,,,,
2-Mar,6:00 AM,36,,,,,,,,,
2-Mar,7:00 AM,38,,,,,,,,,
2-Mar,8:00 AM,21,,,,,,,,,
2-Mar,9:00 AM,19,,,,,,,,,
2-Mar,10:00 AM,18,,,,,,,,,
2-Mar,11:00 AM,13,,,,,,,,,
2-Mar,12:00 PM,8,,,,,,,,,
2-Mar,1:00 PM,8,,,,,,,,,
2-Mar,2:00 PM,24,,,,,,,,,
2-Mar,3:00 PM,14,,,,,,,,,
2-Mar,4:00 PM,17,,,,,,,,,
2-Mar,5:00 PM,4,,,,,,,,,
2-Mar,6:00 PM,2,,,,,,,,,
2-Mar,7:00 PM,5,,,,,,,,,
2-Mar,8:00 PM,4,,,,,,,,,
2-Mar,9:00 PM,4,,,,,,,,,
2-Mar,10:00 PM,4,,,,,,,,,
2-Mar,11:00 PM,7,,,,,,,,,
3-Mar,12:00 AM,33,,,,,,,,,
3-Mar,1:00 AM,42,,,,,,,,,
3-Mar,2:00 AM,31,,,,,,,,,
3-Mar,3:00 AM,20,,,,,,,,,
3-Mar,4:00 AM,34,,,,,,,,,
3-Mar,5:00 AM,35,,,,,,,,,
3-Mar,6:00 AM,29,,,,,,,,,
3-Mar,7:00 AM,50,,,,,,,,,
3-Mar,8:00 AM,51,,,,,,,,,
3-Mar,9:00 AM,52,,,,,,,,,
3-Mar,10:00 AM,31,,,,,,,,,
3-Mar,11:00 AM,27,,,,,,,,,
3-Mar,12:00 PM,29,,,,,,,,,
3-Mar,1:00 PM,24,,,,,,,,,
3-Mar,2:00 PM,28,,,,,,,,,
3-Mar,3:00 PM,3,,,,,,,,,
3-Mar,4:00 PM,10,,,,,,,,,
3-Mar,5:00 PM,10,,,,,,,,,
3-Mar,6:00 PM,4,,,,,,,,,
3-Mar,7:00 PM,6,,,,,,,,,
3-Mar,8:00 PM,8,,,,,,,,,
3-Mar,9:00 PM,10,,,,,,,,,
3-Mar,10:00 PM,9,,,,,,,,,
3-Mar,11:00 PM,13,,,,,,,,,
4-Mar,12:00 AM,23,,,,,,,,,
4-Mar,1:00 AM,28,,,,,,,,,
4-Mar,2:00 AM,29,,,,,,,,,
4-Mar,3:00 AM,35,,,,,,,,,
4-Mar,4:00 AM,27,,,,,,,,,
4-Mar,5:00 AM,33,,,,,,,,,
4-Mar,6:00 AM,20,,,,,,,,,
4-Mar,7:00 AM,41,,,,,,,,,
4-Mar,8:00 AM,50,,,,,,,,,
4-Mar,9:00 AM,18,,,,,,,,,
4-Mar,10:00 AM,21,,,,,,,,,
4-Mar,11:00 AM,15,,,,,,,,,
4-Mar,12:00 PM,21,,,,,,,,,
4-Mar,1:00 PM,20,,,,,,,,,
4-Mar,2:00 PM,18,,,,,,,,,
4-Mar,3:00 PM,10,,,,,,,,,
4-Mar,4:00 PM,9,,,,,,,,,
4-Mar,5:00 PM,12,,,,,,,,,
4-Mar,6:00 PM,5,,,,,,,,,
4-Mar,7:00 PM,1,,,,,,,,,
4-Mar,8:00 PM,6,,,,,,,,,
4-Mar,9:00 PM,10,,,,,,,,,
4-Mar,10:00 PM,9,,,,,,,,,
4-Mar,11:00 PM,14,,,,,,,,,
5-Mar,12:00 AM,24,,,,,,,,,
5-Mar,1:00 AM,23,,,,,,,,,
5-Mar,2:00 AM,17,,,,,,,,,
5-Mar,3:00 AM,29,,,,,,,,,
5-Mar,4:00 AM,29,,,,,,,,,
5-Mar,5:00 AM,39,,,,,,,,,
5-Mar,6:00 AM,24,,,,,,,,,
5-Mar,7:00 AM,52,,,,,,,,,
5-Mar,8:00 AM,37,,,,,,,,,
5-Mar,9:00 AM,22,,,,,,,,,
5-Mar,10:00 AM,21,,,,,,,,,
5-Mar,11:00 AM,21,,,,,,,,,
5-Mar,12:00 PM,13,,,,,,,,,
5-Mar,1:00 PM,13,,,,,,,,,
5-Mar,2:00 PM,1,,,,,,,,,
5-Mar,3:00 PM,10,,,,,,,,,
5-Mar,4:00 PM,9,,,,,,,,,
5-Mar,5:00 PM,12,,,,,,,,,
5-Mar,6:00 PM,1,,,,,,,,,
5-Mar,7:00 PM,1,,,,,,,,,
5-Mar,8:00 PM,2,,,,,,,,,
5-Mar,9:00 PM,8,,,,,,,,,
5-Mar,10:00 PM,3,,,,,,,,,
5-Mar,11:00 PM,16,,,,,,,,,
6-Mar,12:00 AM,19,,,,,,,,,
6-Mar,1:00 AM,36,,,,,,,,,
6-Mar,2:00 AM,35,,,,,,,,,
6-Mar,3:00 AM,23,,,,,,,,,
6-Mar,4:00 AM,16,,,,,,,,,
6-Mar,5:00 AM,29,,,,,,,,,
6-Mar,6:00 AM,23,,,,,,,,,
6-Mar,7:00 AM,32,,,,,,,,,
6-Mar,8:00 AM,27,,,,,,,,,
6-Mar,9:00 AM,27,,,,,,,,,
6-Mar,10:00 AM,26,,,,,,,,,
6-Mar,11:00 AM,27,,,,,,,,,
6-Mar,12:00 PM,17,,,,,,,,,
6-Mar,1:00 PM,8,,,,,,,,,
6-Mar,2:00 PM,14,,,,,,,,,
6-Mar,3:00 PM,13,,,,,,,,,
6-Mar,4:00 PM,5,,,,,,,,,
6-Mar,5:00 PM,4,,,,,,,,,
6-Mar,6:00 PM,4,,,,,,,,,
6-Mar,7:00 PM,3,,,,,,,,,
6-Mar,8:00 PM,6,,,,,,,,,
6-Mar,9:00 PM,6,,,,,,,,,
6-Mar,10:00 PM,5,,,,,,,,,
6-Mar,11:00 PM,6,,,,,,,,,
7-Mar,12:00 AM,6,,,,,,,,,
7-Mar,1:00 AM,12,,,,,,,,,
7-Mar,2:00 AM,7,,,,,,,,,
7-Mar,3:00 AM,7,,,,,,,,,
7-Mar,4:00 AM,8,,,,,,,,,
7-Mar,5:00 AM,11,,,,,,,,,
7-Mar,6:00 AM,10,,,,,,,,,
7-Mar,7:00 AM,5,,,,,,,,,
7-Mar,8:00 AM,9,,,,,,,,,
7-Mar,9:00 AM,4,,,,,,,,,
7-Mar,10:00 AM,4,,,,,,,,,
7-Mar,11:00 AM,9,,,,,,,,,
7-Mar,12:00 PM,15,,,,,,,,,
7-Mar,1:00 PM,11,,,,,,,,,
7-Mar,2:00 PM,6,,,,,,,,,
7-Mar,3:00 PM,5,,,,,,,,,
7-Mar,4:00 PM,1,,,,,,,,,
7-Mar,5:00 PM,1,,,,,,,,,
7-Mar,6:00 PM,3,,,,,,,,,
7-Mar,7:00 PM,5,,,,,,,,,
7-Mar,8:00 PM,4,,,,,,,,,
7-Mar,9:00 PM,1,,,,,,,,,
7-Mar,10:00 PM,3,,,,,,,,,
7-Mar,11:00 PM,3,,,,,,,,,
8-Mar,12:00 AM,2,,,,,,,,,
8-Mar,1:00 AM,4,,,,,,,,,
8-Mar,2:00 AM,5,,,,,,,,,
8-Mar,3:00 AM,8,,,,,,,,,
8-Mar,4:00 AM,9,,,,,,,,,
8-Mar,5:00 AM,8,,,,,,,,,
8-Mar,6:00 AM,9,,,,,,,,,
8-Mar,7:00 AM,4,,,,,,,,,
8-Mar,8:00 AM,3,,,,,,,,,
8-Mar,9:00 AM,3,,,,,,,,,
8-Mar,10:00 AM,7,,,,,,,,,
8-Mar,11:00 AM,9,,,,,,,,,
8-Mar,12:00 PM,6,,,,,,,,,
8-Mar,1:00 PM,8,,,,,,,,,
8-Mar,2:00 PM,5,,,,,,,,,
8-Mar,3:00 PM,6,,,,,,,,,
8-Mar,4:00 PM,4,,,,,,,,,
8-Mar,5:00 PM,3,,,,,,,,,
8-Mar,7:00 PM,1,,,,,,,,,
8-Mar,8:00 PM,1,,,,,,,,,
8-Mar,9:00 PM,7,,,,,,,,,
8-Mar,10:00 PM,10,,,,,,,,,
8-Mar,11:00 PM,4,,,,,,,,,
9-Mar,12:00 AM,14,,,,,,,,,
9-Mar,1:00 AM,19,,,,,,,,,
9-Mar,2:00 AM,17,,,,,,,,,
9-Mar,3:00 AM,13,,,,,,,,,
9-Mar,4:00 AM,9,,,,,,,,,
9-Mar,5:00 AM,17,,,,,,,,,
9-Mar,6:00 AM,27,,,,,,,,,
9-Mar,7:00 AM,54,,,,,,,,,
9-Mar,8:00 AM,30,,,,,,,,,
9-Mar,9:00 AM,18,,,,,,,,,
9-Mar,10:00 AM,11,,,,,,,,,
9-Mar,11:00 AM,20,,,,,,,,,
9-Mar,12:00 PM,19,,,,,,,,,
9-Mar,1:00 PM,10,,,,,,,,,
9-Mar,2:00 PM,5,,,,,,,,,
9-Mar,3:00 PM,4,,,,,,,,,
9-Mar,4:00 PM,3,,,,,,,,,
9-Mar,5:00 PM,9,,,,,,,,,
9-Mar,6:00 PM,2,,,,,,,,,
9-Mar,7:00 PM,8,,,,,,,,,
9-Mar,8:00 PM,6,,,,,,,,,
9-Mar,9:00 PM,7,,,,,,,,,
9-Mar,10:00 PM,18,,,,,,,,,
9-Mar,11:00 PM,14,,,,,,,,,
10-Mar,12:00 AM,17,,,,,,,,,
10-Mar,1:00 AM,15,,,,,,,,,
10-Mar,2:00 AM,36,,,,,,,,,
10-Mar,3:00 AM,44,,,,,,,,,
10-Mar,4:00 AM,53,,,,,,,,,
10-Mar,5:00 AM,23,,,,,,,,,
10-Mar,6:00 AM,51,,,,,,,,,
10-Mar,7:00 AM,77,,,,,,,,,
10-Mar,8:00 AM,37,,,,,,,,,
10-Mar,9:00 AM,29,,,,,,,,,
10-Mar,10:00 AM,33,,,,,,,,,
10-Mar,11:00 AM,34,,,,,,,,,
10-Mar,12:00 PM,22,,,,,,,,,
10-Mar,1:00 PM,14,,,,,,,,,
10-Mar,2:00 PM,14,,,,,,,,,
10-Mar,3:00 PM,8,,,,,,,,,
10-Mar,4:00 PM,6,,,,,,,,,
10-Mar,5:00 PM,8,,,,,,,,,
10-Mar,6:00 PM,5,,,,,,,,,
10-Mar,7:00 PM,17,,,,,,,,,
10-Mar,8:00 PM,10,,,,,,,,,
10-Mar,9:00 PM,11,,,,,,,,,
10-Mar,10:00 PM,6,,,,,,,,,
10-Mar,11:00 PM,13,,,,,,,,,
11-Mar,12:00 AM,35,,,,,,,,,
11-Mar,1:00 AM,63,,,,,,,,,
11-Mar,2:00 AM,52,,,,,,,,,
11-Mar,3:00 AM,56,,,,,,,,,
11-Mar,4:00 AM,19,,,,,,,,,
11-Mar,5:00 AM,26,,,,,,,,,
11-Mar,6:00 AM,32,,,,,,,,,
11-Mar,7:00 AM,35,,,,,,,,,
11-Mar,8:00 AM,33,,,,,,,,,
11-Mar,9:00 AM,31,,,,,,,,,
11-Mar,10:00 AM,19,,,,,,,,,
11-Mar,11:00 AM,16,,,,,,,,,
11-Mar,12:00 PM,20,,,,,,,,,
11-Mar,1:00 PM,21,,,,,,,,,
11-Mar,2:00 PM,13,,,,,,,,,
11-Mar,3:00 PM,13,,,,,,,,,
11-Mar,4:00 PM,19,,,,,,,,,
11-Mar,5:00 PM,11,,,,,,,,,
11-Mar,6:00 PM,3,,,,,,,,,
11-Mar,7:00 PM,9,,,,,,,,,
11-Mar,8:00 PM,9,,,,,,,,,
11-Mar,9:00 PM,7,,,,,,,,,
11-Mar,10:00 PM,7,,,,,,,,,
11-Mar,11:00 PM,5,,,,,,,,,
12-Mar,12:00 AM,12,,,,,,,,,
12-Mar,1:00 AM,19,,,,,,,,,
12-Mar,2:00 AM,30,,,,,,,,,
12-Mar,3:00 AM,15,,,,,,,,,
12-Mar,4:00 AM,10,,,,,,,,,
12-Mar,5:00 AM,15,,,,,,,,,
12-Mar,6:00 AM,18,,,,,,,,,
12-Mar,7:00 AM,27,,,,,,,,,
12-Mar,8:00 AM,25,,,,,,,,,
12-Mar,9:00 AM,22,,,,,,,,,
12-Mar,10:00 AM,17,,,,,,,,,
12-Mar,11:00 AM,19,,,,,,,,,
12-Mar,12:00 PM,13,,,,,,,,,
12-Mar,1:00 PM,2,,,,,,,,,
12-Mar,2:00 PM,4,,,,,,,,,
12-Mar,3:00 PM,5,,,,,,,,,
12-Mar,4:00 PM,15,,,,,,,,,
12-Mar,5:00 PM,14,,,,,,,,,
,Grand Total,41133,,,,,,,,,
